日期,金额,方向,交易号,对方,摘要
2031-04-03T12:15:00,37.25,OUT,FAKE-001,虚构餐店Alpha,合成餐费
2031-04-04T09:00:00,125.00,OUT,FAKE-002,虚构器材店Beta,合成共同费用一
2031-04-05T10:00:00,70.00,OUT,FAKE-003,虚构用品店Gamma,合成共同费用二
2031-04-06T10:30:00,18.75,IN,FAKE-004,虚构餐店Alpha,合成退款
2031-04-07T11:00:00,80.00,IN,FAKE-005,虚构参与者Delta,合成回款
2031-04-08T09:00:00,2600.00,IN,FAKE-006,虚构雇主Epsilon,合成工资
2031-04-09T08:00:00,203.00,OUT,FAKE-007,虚构借贷机构Zeta,合成本金及费用
2031-04-10T13:00:00,333.00,OUT,FAKE-008,虚构自有账户Eta,合成内部转出
2031-04-10T13:01:00,333.00,IN,FAKE-009,虚构自有账户Theta,合成内部转入
